"comunicacao(-1)","comunicacao(-2)","data(-1)","ipca(-1)","igpm(-1)","ipca15(-1)","bm_broad(-1)","m1(-1)","icbr(-1)","ibcbr(-1)","pimpf(-1)","tcu(-1)","aggreg_wage(-1)","elec(-1)","brl_usd(-1)","selic(-1)","saving(-1)","cred(-1)","net_debt_gdp(-1)","primary(-1)","current_accoutn(-1)","trade_balance(-1)","imports(-1)","ipca(-2)","igpm(-2)","ipca15(-2)","bm_broad(-2)","m1(-2)","icbr(-2)","ibcbr(-2)","pimpf(-2)","tcu(-2)","aggreg_wage(-2)","elec(-2)","brl_usd(-2)","selic(-2)","saving(-2)","cred(-2)","net_debt_gdp(-2)","primary(-2)","current_accoutn(-2)","trade_balance(-2)","imports(-2)"
"-0.17"," 0.21","2012-03-01"," 0.45","-0.06"," 0.53"," 1.46996853","-3.87886904","-2.42837177"," -1.8608585"," -7.3145246","  1.3","  1.36752537"," 1.02832004"," -1.71987345","0.75"," 0.56767291","-0.0378081314"," 0.53","1245.4074852","  77.8737501","-6379.6632124"," -4.7859610"," 0.56"," 0.25"," 0.65"," 0.82774563"," 9.34721613"," 0.75690899"," -0.1056189"," -8.1573896"," -2.4","  3.97505366","-1.02054701"," -7.28494480","0.89"," 1.41913825"," 2.2800313585","-0.29"," -76.4309177"," -16.1504313"," -103.2568343","-13.4834566"
"-0.36","-0.17","2012-04-01"," 0.21"," 0.43"," 0.25"," 0.12063843","-2.89641693"," 2.14861235"," -4.2304101","  1.2401353"," -1.0","  1.12738959","-1.19475288","  6.60774903","0.82"," 0.42343625"," 0.3863396592"," 0.15"," -63.4291730"," -59.6520023","  -76.6228676"," -6.4635734"," 0.45","-0.06"," 0.53"," 1.46996853","-3.87886904","-2.42837177"," -1.8608585"," -7.3145246","  1.3","  1.36752537"," 1.02832004"," -1.71987345","0.75"," 0.56767291","-0.0378081314"," 0.53","1245.4074852","  77.8737501","-6379.6632124"," -4.7859610"
" 0.46","-0.36","2012-05-01"," 0.64"," 0.85"," 0.43"," 1.19837492","-1.18158140","-0.26292726","  1.5074246"," 11.0244989"," -0.1"," -4.56426366"," 1.64164716","  3.82651661","0.71"," 1.13086318"," 1.8555246345","-0.89","   9.7500912","  30.1913835","   24.5477808"," 15.7112372"," 0.21"," 0.43"," 0.25"," 0.12063843","-2.89641693"," 2.14861235"," -4.2304101","  1.2401353"," -1.0","  1.12738959","-1.19475288","  6.60774903","0.82"," 0.42343625"," 0.3863396592"," 0.15"," -63.4291730"," -59.6520023","  -76.6228676"," -6.4635734"
"-0.19"," 0.46","2012-06-01"," 0.36"," 1.02"," 0.51"," 0.85801558"," 0.31240341"," 1.58172232","  8.1270779"," -6.9207623","  1.0","  1.38448439"," 4.66654020","  6.90038071","0.74"," 0.98082740"," 1.3311289752","-0.76","  36.3705142","   0.9260458","   71.6896918"," -0.9447098"," 0.64"," 0.85"," 0.43"," 1.19837492","-1.18158140","-0.26292726","  1.5074246"," 11.0244989"," -0.1"," -4.56426366"," 1.64164716","  3.82651661","0.71"," 1.13086318"," 1.8555246345","-0.89","   9.7500912","  30.1913835","   24.5477808"," 15.7112372"
"-0.01","-0.19","2012-07-01"," 0.08"," 0.66"," 0.18"," 0.37675927"," 0.27921314","-0.31141869"," -4.4414076"," 10.4525862"," -0.2","  0.90099455","-1.62338503"," -0.04946332","0.64"," 1.94675003"," 1.6840526255","-0.73"," -81.3691300","  -1.0426692","  -63.8854502","  8.3049993"," 0.36"," 1.02"," 0.51"," 0.85801558"," 0.31240341"," 1.58172232","  8.1270779"," -6.9207623","  1.0","  1.38448439"," 4.66654020","  6.90038071","0.74"," 0.98082740"," 1.3311289752","-0.76","  36.3705142","   0.9260458","   71.6896918"," -0.9447098"
" 0.15","-0.01","2012-08-01"," 0.43"," 1.34"," 0.33"," 1.02782992"," 1.67179007"," 7.42797640","  3.3678942"," -4.0975610","  0.2","  1.38458333","-3.12138120","  1.42029990","0.68"," 1.64377332"," 1.5440269908"," 0.01","   5.3238245","  14.9505592","  205.0159963"," -8.3993692"," 0.08"," 0.66"," 0.18"," 0.37675927"," 0.27921314","-0.31141869"," -4.4414076"," 10.4525862"," -0.2","  0.90099455","-1.62338503"," -0.04946332","0.64"," 1.94675003"," 1.6840526255","-0.73"," -81.3691300","  -1.0426692","  -63.8854502","  8.3049993"
"-0.01"," 0.15","2012-09-01"," 0.41"," 1.43"," 0.39"," 0.60619146"," 2.15639408"," 0.74313409"," -1.5771998","  6.3072228","  1.2","  1.42745136","-0.76609617"," -0.62457305","0.69"," 2.32110474"," 0.8161792257","-0.27","  99.3232458","  12.2925275","  -71.5002810"," -2.2135250"," 0.43"," 1.34"," 0.33"," 1.02782992"," 1.67179007"," 7.42797640","  3.3678942"," -4.0975610","  0.2","  1.38458333","-3.12138120","  1.42029990","0.68"," 1.64377332"," 1.5440269908"," 0.01","   5.3238245","  14.9505592","  205.0159963"," -8.3993692"
" 0.03","-0.01","2012-10-01"," 0.57"," 0.97"," 0.48"," 0.37923260","-0.91303702"," 1.77998717","  3.6407085","  6.6985646","  0.0","  1.38032357","-1.67268944"," -0.32406953","0.54"," 1.23631841"," 1.2302497893"," 0.09"," -46.1963577"," -47.8224287"," -105.9805468","  5.5010607"," 0.41"," 1.43"," 0.39"," 0.60619146"," 2.15639408"," 0.74313409"," -1.5771998","  6.3072228","  1.2","  1.42745136","-0.76609617"," -0.62457305","0.69"," 2.32110474"," 0.8161792257","-0.27","  99.3232458","  12.2925275","  -71.5002810"," -2.2135250"
" 0.31"," 0.03","2012-11-01"," 0.59"," 0.02"," 0.65"," 1.28519844"," 3.28540082","-1.04773909","  1.6614675"," -7.2645740","  1.0","  1.63143293"," 3.51644068","  0.03940887","0.61"," 1.74285471"," 1.1085353801"," 0.02"," -46.9203533","  16.8211028","-2325.0549451"," -8.8057714"," 0.57"," 0.97"," 0.48"," 0.37923260","-0.91303702"," 1.77998717","  3.6407085","  6.6985646","  0.0","  1.38032357","-1.67268944"," -0.32406953","0.54"," 1.23631841"," 1.2302497893"," 0.09"," -46.1963577"," -47.8224287"," -105.9805468","  5.5010607"
" 0.31"," 0.31","2012-12-01"," 0.60","-0.03"," 0.54"," 1.24713023"," 0.42944075"," 1.05883290"," -5.5433260","  8.1237911","  0.0"," -0.32821989"," 1.29639591","  3.74236754","0.55"," 1.14300414"," 1.4173476726","-0.18"," 679.4849710","  48.8627467","  159.6799684"," 15.8289858"," 0.59"," 0.02"," 0.65"," 1.28519844"," 3.28540082","-1.04773909","  1.6614675"," -7.2645740","  1.0","  1.63143293"," 3.51644068","  0.03940887","0.61"," 1.74285471"," 1.1085353801"," 0.02"," -46.9203533","  16.8211028","-2325.0549451"," -8.8057714"
" 0.03"," 0.31","2013-01-01"," 0.79"," 0.68"," 0.69"," 0.54858463"," 0.83435871"," 1.42587049","  4.3149718"," -6.2611807","  0.1","  1.49429696"," 0.35579629"," -3.03303588","0.55"," 1.30266949"," 1.5180429876","-0.36","-144.4844137","  26.9033285","   33.9520730","  2.1720678"," 0.60","-0.03"," 0.54"," 1.24713023"," 0.42944075"," 1.05883290"," -5.5433260","  8.1237911","  0.0"," -0.32821989"," 1.29639591","  3.74236754","0.55"," 1.14300414"," 1.4173476726","-0.18"," 679.4849710","  48.8627467","  159.6799684"," 15.8289858"
"-0.08"," 0.03","2013-02-01"," 0.86"," 0.34"," 0.88","-0.60340224","12.06026614","-2.05048544"," -2.4101280","-12.0229008"," -3.6","  3.61785499"," 2.24362366"," -2.70204122","0.60"," 2.35161351"," 2.4881417631"," 0.11","-503.4606988","  -3.0394573","  -38.8402999","-15.2500456"," 0.79"," 0.68"," 0.69"," 0.54858463"," 0.83435871"," 1.42587049","  4.3149718"," -6.2611807","  0.1","  1.49429696"," 0.35579629"," -3.03303588","0.55"," 1.30266949"," 1.5180429876","-0.36","-144.4844137","  26.9033285","   33.9520730","  2.1720678"
" 0.10","-0.08","2013-03-01"," 0.60"," 0.29"," 0.68"," 1.08474727","-3.91509836","-3.25905955"," -3.2119320","  2.4945770","  1.3","  1.01215866","-2.27460925"," -0.64396036","0.49"," 0.91137113","-0.0917521063","-0.02","  35.9472792","  47.3528519","  261.0130931"," 14.0765504"," 0.86"," 0.34"," 0.88","-0.60340224","12.06026614","-2.05048544"," -2.4101280","-12.0229008"," -3.6","  3.61785499"," 2.24362366"," -2.70204122","0.60"," 2.35161351"," 2.4881417631"," 0.11","-503.4606988","  -3.0394573","  -38.8402999","-15.2500456"
" 0.13"," 0.10","2013-04-01"," 0.47"," 0.21"," 0.49"," 0.18270082","-3.22903292","-1.54918033"," -0.1433486"," -6.7724868"," -0.6"," -1.12734701"," 1.59406858","  1.93933870","0.55"," 0.94640049"," 0.7367195441"," 0.42","-110.0204586"," -54.8634806","  -41.8622597","-15.8025709"," 0.60"," 0.29"," 0.68"," 1.08474727","-3.91509836","-3.25905955"," -3.2119320","  2.4945770","  1.3","  1.01215866","-2.27460925"," -0.64396036","0.49"," 0.91137113","-0.0917521063","-0.02","  35.9472792","  47.3528519","  261.0130931"," 14.0765504"
"-0.32"," 0.13","2013-05-01"," 0.55"," 0.15"," 0.51"," 0.76281025"," 0.10218389","-1.74839730"," -2.2825151"," 10.8967083"," -0.2"," -3.17869429","-0.94091276"," -0.60103318","0.61"," 1.62658387"," 1.8235045605","-0.19","-215.4615301","   8.7380775","  -19.9800907"," 13.6496906"," 0.47"," 0.21"," 0.49"," 0.18270082","-3.22903292","-1.54918033"," -0.1433486"," -6.7724868"," -0.6"," -1.12734701"," 1.59406858","  1.93933870","0.55"," 0.94640049"," 0.7367195441"," 0.42","-110.0204586"," -54.8634806","  -41.8622597","-15.8025709"
" 0.08","-0.32","2013-06-01"," 0.37"," 0.00"," 0.46"," 0.71046044"," 0.06764038"," 0.15252945","  8.7189658","  4.1965200","  0.9","  1.48858530"," 1.14718729","  6.51141872","0.60"," 0.95091358"," 0.9099479123","-0.26"," 195.0937423","   5.0280720","   36.4415448"," 12.9311553"," 0.55"," 0.15"," 0.51"," 0.76281025"," 0.10218389","-1.74839730"," -2.2825151"," 10.8967083"," -0.2"," -3.17869429","-0.94091276"," -0.60103318","0.61"," 1.62658387"," 1.8235045605","-0.19","-215.4615301","   8.7380775","  -19.9800907"," 13.6496906"
" 0.19"," 0.08","2013-07-01"," 0.26"," 0.75"," 0.38"," 0.23192304"," 0.13640080"," 4.94119638","  1.2026214","  3.1434185","  0.4","  1.64650382"," 0.55148015","  3.92230459","0.61"," 1.59976551"," 1.5575626943","-0.63"," -44.9963886","  -6.3555055","  -27.1097153"," -2.6167133"," 0.37"," 0.00"," 0.46"," 0.71046044"," 0.06764038"," 0.15252945","  8.7189658","  4.1965200","  0.9","  1.48858530"," 1.14718729","  6.51141872","0.60"," 0.95091358"," 0.9099479123","-0.26"," 195.0937423","   5.0280720","   36.4415448"," 12.9311553"
" 0.20"," 0.19","2013-08-01"," 0.03"," 0.26"," 0.07"," 0.71865314"," 2.09983940"," 2.08820447"," -1.8425796"," -3.1428571","  0.0","  1.61962187","-0.79939980","  3.37246050","0.72"," 2.17003961"," 1.7803283408","-0.32","  -4.4429111"," -43.5483871","  -70.5684503","-10.5333459"," 0.26"," 0.75"," 0.38"," 0.23192304"," 0.13640080"," 4.94119638","  1.2026214","  3.1434185","  0.4","  1.64650382"," 0.55148015","  3.92230459","0.61"," 1.59976551"," 1.5575626943","-0.63"," -44.9963886","  -6.3555055","  -27.1097153"," -2.6167133"
" 0.02"," 0.20","2013-09-01"," 0.24"," 0.15"," 0.16"," 0.72594713"," 1.53434479"," 4.01990207"," -1.4690879","  6.1946903","  0.7","  0.92168846","-1.86986569","  3.58998996","0.71"," 2.19602806"," 0.5352792095","-0.39"," -57.8748324"," 227.2072829","  476.3600302"," 20.4871461"," 0.03"," 0.26"," 0.07"," 0.71865314"," 2.09983940"," 2.08820447"," -1.8425796"," -3.1428571","  0.0","  1.61962187","-0.79939980","  3.37246050","0.72"," 2.17003961"," 1.7803283408","-0.32","  -4.4429111"," -43.5483871","  -70.5684503","-10.5333459"
"-0.04"," 0.02","2013-10-01"," 0.35"," 1.50"," 0.27"," 0.50373721","-1.02958943","-2.14106750","  5.0113895","  3.7037037","  0.1","  1.25901254"," 0.18603168"," -6.00784181","0.71"," 1.32275210"," 1.2866548506","-0.22","-118.8854245"," -54.9399468","  -49.4256452","-10.9467702"," 0.24"," 0.15"," 0.16"," 0.72594713"," 1.53434479"," 4.01990207"," -1.4690879","  6.1946903","  0.7","  0.92168846","-1.86986569","  3.58998996","0.71"," 2.19602806"," 0.5352792095","-0.39"," -57.8748324"," 227.2072829","  476.3600302"," 20.4871461"
" 0.08","-0.04","2013-11-01"," 0.57"," 0.86"," 0.48"," 0.63753624"," 2.05176848","-2.80083792"," -0.2103464"," -4.1964286","  1.1","  2.12558440"," 2.42718447"," -1.22903023","0.81"," 1.68910972"," 0.7484462002"," 0.93","1995.0448051"," -18.1149783","  -13.4918835"," -6.5019225"," 0.35"," 1.50"," 0.27"," 0.50373721","-1.02958943","-2.14106750","  5.0113895","  3.7037037","  0.1","  1.25901254"," 0.18603168"," -6.00784181","0.71"," 1.32275210"," 1.2866548506","-0.22","-118.8854245"," -54.9399468","  -49.4256452","-10.9467702"
" 0.40"," 0.08","2013-12-01"," 0.54"," 0.29"," 0.57"," 0.48239420","-0.28155618"," 3.15293742"," -2.9905803","  4.9394222","  0.9"," -0.03123660","-0.22790252","  5.55404178","0.72"," 1.31840374"," 0.2723350973"," 0.11","-168.3963187","  59.9475650","   96.7601783"," 21.8487395"," 0.57"," 0.86"," 0.48"," 0.63753624"," 2.05176848","-2.80083792"," -0.2103464"," -4.1964286","  1.1","  2.12558440"," 2.42718447"," -1.22903023","0.81"," 1.68910972"," 0.7484462002"," 0.93","1995.0448051"," -18.1149783","  -13.4918835"," -6.5019225"
" 0.74"," 0.40","2014-01-01"," 0.92"," 0.60"," 0.75","-0.09243554"," 1.24005756"," 2.80120715","  3.1438854"," -5.7726465"," -1.1","  1.31030372"," 2.50227125","  0.76151960","0.79"," 1.63583331"," 1.6370220728","-1.04"," 380.6623996"," -21.5813980","  -63.0651210","-16.8193000"," 0.54"," 0.29"," 0.57"," 0.48239420","-0.28155618"," 3.15293742"," -2.9905803","  4.9394222","  0.9"," -0.03123660","-0.22790252","  5.55404178","0.72"," 1.31840374"," 0.2723350973"," 0.11","-168.3963187","  59.9475650","   96.7601783"," 21.8487395"
" 0.03"," 0.74","2014-02-01"," 0.55"," 0.48"," 0.67"," 0.07352534","10.14107057"," 1.89687618"," -2.7057275","-15.0801131"," -3.0","  2.29004780"," 1.30162830","  3.57386849","0.85"," 2.57273947"," 2.4367621718","-0.08"," -65.0118876"," -19.6370766","  -15.8635263"," -5.2807438"," 0.92"," 0.60"," 0.75","-0.09243554"," 1.24005756"," 2.80120715","  3.1438854"," -5.7726465"," -1.1","  1.31030372"," 2.50227125","  0.76151960","0.79"," 1.63583331"," 1.6370220728","-1.04"," 380.6623996"," -21.5813980","  -63.0651210","-16.8193000"
" 0.14"," 0.03","2014-03-01"," 0.69"," 0.38"," 0.70"," 1.97055206","-4.51687630"," 3.78222649"," -1.3668042","  2.7746948","  1.0","  1.54047979","-1.02492313"," -3.83394484","0.79"," 0.83334452"," 0.0700752498","-0.49","  91.4158661"," 207.5336633","  337.8070444","  8.7445223"," 0.55"," 0.48"," 0.67"," 0.07352534","10.14107057"," 1.89687618"," -2.7057275","-15.0801131"," -3.0","  2.29004780"," 1.30162830","  3.57386849","0.85"," 2.57273947"," 2.4367621718","-0.08"," -65.0118876"," -19.6370766","  -15.8635263"," -5.2807438"
"-1.26"," 0.14","2014-04-01"," 0.92"," 1.67"," 0.73","-0.13819716","-3.40545128"," 0.12100505"," -2.0923372"," -0.3239741"," -0.5"," -0.61273512"," 2.41961963"," -3.01367514","0.77"," 0.83542732"," 0.4563126942"," 0.35"," -89.3068223"," -38.9048560","  -19.3264495"," -8.3954585"," 0.69"," 0.38"," 0.70"," 1.97055206","-4.51687630"," 3.78222649"," -1.3668042","  2.7746948","  1.0","  1.54047979","-1.02492313"," -3.83394484","0.79"," 0.83334452"," 0.0700752498","-0.49","  91.4158661"," 207.5336633","  337.8070444","  8.7445223"
" 0.02","-1.26","2014-05-01"," 0.67"," 0.78"," 0.78"," 0.82795816","-0.16549601","-2.75131523","  0.5675448","  5.4171181"," -0.7"," -2.60176176"," 3.43518039"," -1.19342291","0.82"," 0.81951854"," 0.9772707594"," 0.42","  68.0375736","  -7.5133533","  -35.0873237"," -2.8225474"," 0.92"," 1.67"," 0.73","-0.13819716","-3.40545128"," 0.12100505"," -2.0923372"," -0.3239741"," -0.5"," -0.61273512"," 2.41961963"," -3.01367514","0.77"," 0.83542732"," 0.4563126942"," 0.35"," -89.3068223"," -38.9048560","  -19.3264495"," -8.3954585"
" 0.11"," 0.02","2014-06-01"," 0.46","-0.13"," 0.58"," 0.60673267"," 0.61274111","-1.83492945","  3.8319515"," -1.3360740","  0.5","  0.44149203","-3.44745375","  0.13420417","0.87"," 0.31797931"," 0.6924418184"," 0.00"," 372.0064142","   8.2800185","    6.6875067","  9.4791879"," 0.67"," 0.78"," 0.78"," 0.82795816","-0.16549601","-2.75131523","  0.5675448","  5.4171181"," -0.7"," -2.60176176"," 3.43518039"," -1.19342291","0.82"," 0.81951854"," 0.9772707594"," 0.42","  68.0375736","  -7.5133533","  -35.0873237"," -2.8225474"
"-0.02"," 0.11","2014-07-01"," 0.40","-0.74"," 0.47"," 0.75218729","-1.91133588","-0.54364015"," -0.8991478","  5.9375000"," -0.2","  0.84846483","-1.74329597"," -1.63062902","0.82"," 0.89311036"," 0.9622757453"," 0.32","-165.3793250"," -18.1464536","   -0.7237485","  4.5814468"," 0.46","-0.13"," 0.58"," 0.60673267"," 0.61274111","-1.83492945","  3.8319515"," -1.3360740","  0.5","  0.44149203","-3.44745375","  0.13420417","0.87"," 0.31797931"," 0.6924418184"," 0.00"," 372.0064142","   8.2800185","    6.6875067","  9.4791879"
"-0.79","-0.02","2014-08-01"," 0.01","-0.61"," 0.17"," 1.88342320"," 0.47348563","-1.68476226"," -0.3724017"," -6.6863324"," -1.0","  1.08079468","-1.25904704","  2.94745447","0.95"," 1.05838116"," 0.9510670958"," 0.38"," -80.9848674"," -29.1576997","  -61.3061904"," -9.7973708"," 0.40","-0.74"," 0.47"," 0.75218729","-1.91133588","-0.54364015"," -0.8991478","  5.9375000"," -0.2","  0.84846483","-1.74329597"," -1.63062902","0.82"," 0.89311036"," 0.9622757453"," 0.32","-165.3793250"," -18.1464536","   -0.7237485","  4.5814468"
" 0.10","-0.79","2014-09-01"," 0.25","-0.27"," 0.14"," 1.48754566"," 0.49129666","-1.08910891"," -4.2544515"," 10.0105374","  0.7","  1.40668139","-3.48934871"," -1.22639845","0.87"," 1.19574466"," 0.2201353383"," 0.12"," 124.4791667"," 118.2608329","  103.8268466"," 18.5934384"," 0.01","-0.61"," 0.17"," 1.88342320"," 0.47348563","-1.68476226"," -0.3724017"," -6.6863324"," -1.0","  1.08079468","-1.25904704","  2.94745447","0.95"," 1.05838116"," 0.9510670958"," 0.38"," -80.9848674"," -29.1576997","  -61.3061904"," -9.7973708"
" 0.13"," 0.10","2014-10-01"," 0.57"," 0.20"," 0.39"," 0.22339327","-0.75018729"," 1.94040194","  6.3671210","  1.8199234","  0.6","  2.45641745"," 0.39820675","  9.44171505","0.91"," 0.64691365"," 0.9477738795"," 0.54"," 206.6721243"," -41.9021844","   -7.0941948","-10.0461072"," 0.25","-0.27"," 0.14"," 1.48754566"," 0.49129666","-1.08910891"," -4.2544515"," 10.0105374","  0.7","  1.40668139","-3.48934871"," -1.22639845","0.87"," 1.19574466"," 0.2201353383"," 0.12"," 124.4791667"," 118.2608329","  103.8268466"," 18.5934384"
"-0.05"," 0.13","2014-11-01"," 0.42"," 0.28"," 0.48"," 1.96853406"," 3.14617570"," 5.20432057"," -1.0543877"," -0.6585136","  0.1","  2.34739474"," 1.78350976"," -0.27750571","0.95"," 0.76652353"," 1.3611069702","-0.07","  76.2859941","  33.7525787","   99.3080180","  6.2278192"," 0.57"," 0.20"," 0.39"," 0.22339327","-0.75018729"," 1.94040194","  6.3671210","  1.8199234","  0.6","  2.45641745"," 0.39820675","  9.44171505","0.91"," 0.64691365"," 0.9477738795"," 0.54"," 206.6721243"," -41.9021844","   -7.0941948","-10.0461072"
" 0.08","-0.05","2014-12-01"," 0.51"," 0.98"," 0.38"," 0.77631142"," 0.33813638"," 4.08529581"," -0.1011668","  3.5037879","  1.1","  0.41322741"," 0.86451613","  4.74300213","0.84"," 0.64698211"," 0.7897962072"," 0.15","-114.6272860","  15.8677049","   -1.1193063"," -4.7531100"," 0.42"," 0.28"," 0.48"," 1.96853406"," 3.14617570"," 5.20432057"," -1.0543877"," -0.6585136","  0.1","  2.34739474"," 1.78350976"," -0.27750571","0.95"," 0.76652353"," 1.3611069702","-0.07","  76.2859941","  33.7525787","   99.3080180","  6.2278192"
" 0.00"," 0.08","2015-01-01"," 0.78"," 0.62"," 0.79"," 1.06696373"," 0.67605796","-0.29661309","  1.0667027"," -8.6916743"," -2.2","  1.17738929"," 3.08558270","  3.75463958","0.96"," 0.94759471"," 1.2725697709","-0.04","-316.8141735","   5.2279583","   11.3581972"," -7.3461183"," 0.51"," 0.98"," 0.38"," 0.77631142"," 0.33813638"," 4.08529581"," -0.1011668","  3.5037879","  1.1","  0.41322741"," 0.86451613","  4.74300213","0.84"," 0.64698211"," 0.7897962072"," 0.15","-114.6272860","  15.8677049","   -1.1193063"," -4.7531100"
" 0.15"," 0.00","2015-02-01"," 1.24"," 0.76"," 0.89"," 1.02052197"," 9.32630700","-4.77376505"," -3.1930528","-12.1242485"," -2.8","  2.71368008"," 2.15184533","  0.22970327","0.94"," 1.37861509"," 2.0583447400"," 0.41","  59.4988756","  -3.2247534","  -22.9642179"," -4.5959568"," 0.78"," 0.62"," 0.79"," 1.06696373"," 0.67605796","-0.29661309","  1.0667027"," -8.6916743"," -2.2","  1.17738929"," 3.08558270","  3.75463958","0.96"," 0.94759471"," 1.2725697709","-0.04","-316.8141735","   5.2279583","   11.3581972"," -7.3461183"
"-0.02"," 0.15","2015-03-01"," 1.22"," 0.27"," 1.33"," 1.15943946","-5.06850538"," 4.59168846","  0.3864201","  0.4561003","  1.0"," -0.03655907","-2.63618252","  8.11511440","0.82","-0.20002398"," 0.1329928257","-0.09","-263.3505348","  26.8484746","   32.4183432"," -5.3560046"," 1.24"," 0.76"," 0.89"," 1.02052197"," 9.32630700","-4.77376505"," -3.1930528","-12.1242485"," -2.8","  2.71368008"," 2.15184533","  0.22970327","0.94"," 1.37861509"," 2.0583447400"," 0.41","  59.4988756","  -3.2247534","  -22.9642179"," -4.5959568"
"-1.16","-0.02","2015-04-01"," 1.32"," 0.98"," 1.24"," 1.47563490","-2.82325969"," 8.14809669"," -4.5573275"," -4.9943246"," -1.3"," -1.24415229"," 1.40244055"," 11.45706641","1.04","-0.49843241"," 0.3982830868","-0.20","-110.9180589"," -38.3774755","   -9.1237621"," -8.3306030"," 1.22"," 0.27"," 1.33"," 1.15943946","-5.06850538"," 4.59168846","  0.3864201","  0.4561003","  1.0"," -0.03655907","-2.63618252","  8.11511440","0.82","-0.20002398"," 0.1329928257","-0.09","-263.3505348","  26.8484746","   32.4183432"," -5.3560046"
" 0.31","-1.16","2015-05-01"," 0.71"," 1.17"," 1.07"," 2.02809125","-1.58293769","-2.39578650"," -1.5772416"," 12.6642772"," -0.9"," -2.81517689","-0.07382798"," -6.68454200","0.95","-1.16039881"," 1.2235029931","-0.71","-110.4085404"," -22.1547922","  -38.4584144"," 10.8396654"," 1.32"," 0.98"," 1.24"," 1.47563490","-2.82325969"," 8.14809669"," -4.5573275"," -4.9943246"," -1.3"," -1.24415229"," 1.40244055"," 11.45706641","1.04","-0.49843241"," 0.3982830868","-0.20","-110.9180589"," -38.3774755","   -9.1237621"," -8.3306030"
" 0.17"," 0.31","2015-06-01"," 0.74"," 0.41"," 0.60","-0.12196174","-1.48721450"," 1.14503817","  9.4687546"," -5.8324496"," -0.4","  0.60915647","-2.47013915","  6.18443034","0.99","-0.32249768"," 0.0028984393"," 0.76","5517.0663436","  -2.6124768","  -11.8978223","-11.7298953"," 0.71"," 1.17"," 1.07"," 2.02809125","-1.58293769","-2.39578650"," -1.5772416"," 12.6642772"," -0.9"," -2.81517689","-0.07382798"," -6.68454200","0.95","-1.16039881"," 1.2235029931","-0.71","-110.4085404"," -22.1547922","  -38.4584144"," 10.8396654"
" 0.34"," 0.17","2015-07-01"," 0.79"," 0.67"," 0.99"," 1.78740323","-1.54297209"," 0.89134678"," -4.7259358","  4.8423423"," -0.7","  1.49912717","-0.42674612"," -2.39765898","1.07"," 0.09755894"," 0.7055704110"," 0.04","-151.3232047"," -37.9756293","  -71.3710558"," -3.7688238"," 0.74"," 0.41"," 0.60","-0.12196174","-1.48721450"," 1.14503817","  9.4687546"," -5.8324496"," -0.4","  0.60915647","-2.47013915","  6.18443034","0.99","-0.32249768"," 0.0028984393"," 0.76","5517.0663436","  -2.6124768","  -11.8978223","-11.7298953"
" 0.30"," 0.34","2015-08-01"," 0.62"," 0.69"," 0.59"," 1.11827763","-0.62628881"," 3.39201651"," -1.8171613"," -0.6444683"," -0.8","  0.78859868","-3.50721477","  9.39746607","1.18","-0.33790446"," 0.5689481832"," 0.84","  35.1100877","  -8.9970459"," -196.5442058","  7.3716845"," 0.79"," 0.67"," 0.99"," 1.78740323","-1.54297209"," 0.89134678"," -4.7259358","  4.8423423"," -0.7","  1.49912717","-0.42674612"," -2.39765898","1.07"," 0.09755894"," 0.7055704110"," 0.04","-151.3232047"," -37.9756293","  -71.3710558"," -3.7688238"
" 0.14"," 0.30","2015-09-01"," 0.22"," 0.28"," 0.43"," 2.13109101"," 0.42629841"," 4.78388324"," -0.9289696","  3.2432432","  0.8","  0.30268844","-2.41524310","  7.44680851","1.11"," 0.28276708"," 0.2937330203","-0.32","   7.4599250","  85.9659628"," -182.4864499","  3.6449228"," 0.62"," 0.69"," 0.59"," 1.11827763","-0.62628881"," 3.39201651"," -1.8171613"," -0.6444683"," -0.8","  0.78859868","-3.50721477","  9.39746607","1.18","-0.33790446"," 0.5689481832"," 0.84","  35.1100877","  -8.9970459"," -196.5442058","  7.3716845"
" 0.01"," 0.14","2015-10-01"," 0.54"," 0.95"," 0.39"," 1.47729312","-1.84675621"," 9.29761905","  3.3323716","  2.1989529","  0.4","  0.26655850","-1.20384584","  8.94380297","1.11","-0.48784974"," 0.7978257845","-0.45"," -27.0362773"," -60.5453590","  -63.2032854","-17.9153506"," 0.22"," 0.28"," 0.43"," 2.13109101"," 0.42629841"," 4.78388324"," -0.9289696","  3.2432432","  0.8","  0.30268844","-2.41524310","  7.44680851","1.11"," 0.28276708"," 0.2937330203","-0.32","   7.4599250","  85.9659628"," -182.4864499","  3.6449228"
" 0.39"," 0.01","2015-11-01"," 0.82"," 1.89"," 0.66"," 1.23806234","-0.49742826"," 0.76789021"," -1.6194332"," -3.3811475","  0.8","  0.49596976"," 2.83774943"," -2.86994613","1.11","-0.17931444"," 0.9574785137","-0.44","   0.1142274","  -0.8075254","   12.7976190","  3.0075419"," 0.54"," 0.95"," 0.39"," 1.47729312","-1.84675621"," 9.29761905","  3.3323716","  2.1989529","  0.4","  0.26655850","-1.20384584","  8.94380297","1.11","-0.48784974"," 0.7978257845","-0.45"," -27.0362773"," -60.5453590","  -63.2032854","-17.9153506"
" 1.03"," 0.39","2015-12-01"," 1.01"," 1.52"," 0.85"," 0.90687576"," 1.46314822","-4.79922175"," -1.9724706","  3.0752916","  0.3","  2.16980558","-0.02385686"," -0.21512622","1.06"," 0.12672313","-0.2304912589"," 1.04","  57.5522011","  87.9660503","  266.4577836","  6.2862351"," 0.82"," 1.89"," 0.66"," 1.23806234","-0.49742826"," 0.76789021"," -1.6194332"," -3.3811475","  0.8","  0.49596976"," 2.83774943"," -2.86994613","1.11","-0.17931444"," 0.9574785137","-0.44","   0.1142274","  -0.8075254","   12.7976190","  3.0075419"
" 0.43"," 1.03","2016-01-01"," 0.96"," 0.49"," 1.18"," 0.86847498","-0.08937879"," 1.13539597","  1.5489288"," -9.8765432"," -0.4","  4.69894401"," 3.84982501","  1.41042624","1.16"," 0.43251183"," 0.6257787894"," 0.84","  69.7019737"," -27.3112632","   27.9722797","-10.1074075"," 1.01"," 1.52"," 0.85"," 0.90687576"," 1.46314822","-4.79922175"," -1.9724706","  3.0752916","  0.3","  2.16980558","-0.02385686"," -0.21512622","1.06"," 0.12672313","-0.2304912589"," 1.04","  57.5522011","  87.9660503","  266.4577836","  6.2862351"
" 0.22"," 0.43","2016-02-01"," 1.27"," 1.14"," 0.92"," 2.18426389"," 9.53582379"," 2.94134157"," -3.0363507","-11.8721461"," -4.0","  8.19278294","-0.13786765","  3.53465499","1.06"," 1.38596735"," 1.3489337038"," 1.74"," 266.5808588","-123.6625254"," -347.2185104","-16.8779275"," 0.96"," 0.49"," 1.18"," 0.86847498","-0.08937879"," 1.13539597","  1.5489288"," -9.8765432"," -0.4","  4.69894401"," 3.84982501","  1.41042624","1.16"," 0.43251183"," 0.6257787894"," 0.84","  69.7019737"," -27.3112632","   27.9722797","-10.1074075"
" 0.66"," 0.22","2016-03-01"," 0.90"," 1.29"," 1.42"," 1.39592161","-4.08529364","-1.55406511","  0.2278742"," -1.1658031","  1.1"," -0.58364178","-1.47006187"," -1.56350502","1.00","-1.21528513","-0.6642667644","-0.30","-138.9144489","-852.3707474"," -107.8629950"," -5.8213153"," 1.27"," 1.14"," 0.92"," 2.18426389"," 9.53582379"," 2.94134157"," -3.0363507","-11.8721461"," -4.0","  8.19278294","-0.13786765","  3.53465499","1.06"," 1.38596735"," 1.3489337038"," 1.74"," 266.5808588","-123.6625254"," -347.2185104","-16.8779275"
"-1.65"," 0.66","2016-04-01"," 0.43"," 0.51"," 0.43"," 0.85337320","-2.40626788","-5.61094494"," -5.8819215"," -0.6553080"," -0.9"," -1.84186773","-0.81475908","-10.57300829","1.16","-0.41581346","-0.4936219715"," 0.94","-182.5425145"," -76.8656982"," -404.4500724","  4.8306380"," 0.90"," 1.29"," 1.42"," 1.39592161","-4.08529364","-1.55406511","  0.2278742"," -1.1658031","  1.1"," -0.58364178","-1.47006187"," -1.56350502","1.00","-1.21528513","-0.6642667644","-0.30","-138.9144489","-852.3707474"," -107.8629950"," -5.8213153"
" 1.47","-1.65","2016-05-01"," 0.61"," 0.33"," 0.51","-0.17309551","-1.55929699","-3.33900593","  2.0104418"," 10.4221636","  0.6"," -6.46236426"," 0.72988882"," -3.03796757","1.06","-0.19847822","-0.6713995327"," 2.05"," -53.8040431","  13.6667949","   43.7195484"," 12.0651376"," 0.43"," 0.51"," 0.43"," 0.85337320","-2.40626788","-5.61094494"," -5.8819215"," -0.6553080"," -0.9"," -1.84186773","-0.81475908","-10.57300829","1.16","-0.41581346","-0.4936219715"," 0.94","-182.5425145"," -76.8656982"," -404.4500724","  4.8306380"
" 0.01"," 1.47","2016-06-01"," 0.78"," 0.82"," 0.86"," 0.84141354","-0.11843184"," 0.92884896","  7.2263387"," -0.8363202"," -0.1","  0.60489199"," 1.89330979","  4.18236624","1.11","-0.65378021","-0.6317225580"," 0.54","-195.6610260"," -58.0461716","   66.2973375"," -8.7824911"," 0.61"," 0.33"," 0.51","-0.17309551","-1.55929699","-3.33900593","  2.0104418"," 10.4221636","  0.6"," -6.46236426"," 0.72988882"," -3.03796757","1.06","-0.19847822","-0.6713995327"," 2.05"," -53.8040431","  13.6667949","   43.7195484"," 12.0651376"
" 0.04"," 0.01","2016-07-01"," 0.35"," 1.69"," 0.40"," 1.56075161","-0.10737951"," 0.43909774"," -3.0348365","  3.9759036","  0.3"," -0.32965503"," 2.17673897","-10.71915426","1.16","-0.39306297"," 0.2212755207"," 0.21","-278.0185254","-313.7485880","   80.0318218","  5.7466443"," 0.78"," 0.82"," 0.86"," 0.84141354","-0.11843184"," 0.92884896","  7.2263387"," -0.8363202"," -0.1","  0.60489199"," 1.89330979","  4.18236624","1.11","-0.65378021","-0.6317225580"," 0.54","-195.6610260"," -58.0461716","   66.2973375"," -8.7824911"
" 0.02"," 0.04","2016-08-01"," 0.52"," 0.18"," 0.54"," 0.85162277","-1.14788420","-4.91675650"," -1.8073617","  1.6222480","  0.1","  0.70755879","-3.96886771","  0.90988408","1.11"," 0.06770079","-0.5562109003"," 2.27"," -44.4897831","-299.2903518","  -99.2184048"," 14.5180484"," 0.35"," 1.69"," 0.40"," 1.56075161","-0.10737951"," 0.43909774"," -3.0348365","  3.9759036","  0.3"," -0.32965503"," 2.17673897","-10.71915426","1.16","-0.39306297"," 0.2212755207"," 0.21","-278.0185254","-313.7485880","   80.0318218","  5.7466443"
"-0.02"," 0.02","2016-09-01"," 0.44"," 0.15"," 0.45"," 2.27423367"," 1.47061738","-1.99030043","  1.2869435","  2.1664766","  0.4","  1.19105399","-2.92238155","  0.04014328","1.22"," 0.48809996","-0.4308281779"," 0.59","  27.3784688","  48.0756118"," 6717.3144876"," -7.8020244"," 0.52"," 0.18"," 0.54"," 0.85162277","-1.14788420","-4.91675650"," -1.8073617","  1.6222480","  0.1","  0.70755879","-3.96886771","  0.90988408","1.11"," 0.06770079","-0.5562109003"," 2.27"," -44.4897831","-299.2903518","  -99.2184048"," 14.5180484"
" 0.18","-0.02","2016-10-01"," 0.08"," 0.20"," 0.23"," 1.22769960","-0.64539381"," 1.74795964","  1.0711384","  3.7946429","  1.5","  0.80679329","-0.73318884","  0.18211563","1.11","-0.02303935","-0.0373236720"," 0.87","  73.7424187"," -76.0009210","  -17.3741772","  9.3230032"," 0.44"," 0.15"," 0.45"," 2.27423367"," 1.47061738","-1.99030043","  1.2869435","  2.1664766","  0.4","  1.19105399","-2.92238155","  0.04014328","1.22"," 0.48809996","-0.4308281779"," 0.59","  27.3784688","  48.0756118"," 6717.3144876"," -7.8020244"
" 0.07"," 0.18","2016-11-01"," 0.26"," 0.16"," 0.19"," 1.54177609"," 2.19652210","-0.16421398","  1.0524777"," -2.4731183"," -0.2","  1.69396903"," 1.42060005"," -2.00579246","1.05"," 0.27568625","-0.1143804181"," 0.83","  19.6510523","  40.0490353","  -42.7576689"," -6.6676340"," 0.08"," 0.20"," 0.23"," 1.22769960","-0.64539381"," 1.74795964","  1.0711384","  3.7946429","  1.5","  0.80679329","-0.73318884","  0.18211563","1.11","-0.02303935","-0.0373236720"," 0.87","  73.7424187"," -76.0009210","  -17.3741772","  9.3230032"
" 0.27"," 0.07","2016-12-01"," 0.18","-0.03"," 0.26"," 0.07789160"," 0.84142417"," 5.49756437"," -3.1028497"," -0.5512679","  1.0","  0.40116376"," 1.77812035","  6.77880836","1.04"," 0.21185193","-0.5264321132"," 0.24","-248.5922942"," 139.7092404"," -182.1589041"," -4.8913799"," 0.26"," 0.16"," 0.19"," 1.54177609"," 2.19652210","-0.16421398","  1.0524777"," -2.4731183"," -0.2","  1.69396903"," 1.42060005"," -2.00579246","1.05"," 0.27568625","-0.1143804181"," 0.83","  19.6510523","  40.0490353","  -42.7576689"," -6.6676340"
" 0.02"," 0.27","2017-01-01"," 0.30"," 0.54"," 0.19"," 1.53695415","-0.12071934"," 2.12880787"," -0.8509368"," -4.1019956"," -2.2","  3.85184598","-0.54840310"," -4.05170637","1.12"," 0.90937361"," 0.2918025133"," 0.11","-198.8681426"," -88.0449624"," -376.5106042","  0.7261027"," 0.18","-0.03"," 0.26"," 0.07789160"," 0.84142417"," 5.49756437"," -3.1028497"," -0.5512679","  1.0","  0.40116376"," 1.77812035","  6.77880836","1.04"," 0.21185193","-0.5264321132"," 0.24","-248.5922942"," 139.7092404"," -182.1589041"," -4.8913799"
" 0.63"," 0.02","2017-02-01"," 0.38"," 0.64"," 0.31","-0.19782394"," 9.39723505","-2.98279608"," -0.2634947","-10.7514451"," -0.8","  6.43870372"," 1.48097576"," -4.05401258","1.09"," 2.54392446"," 0.1034487076"," 2.15","  80.7252888","1084.5949535","  -63.9218524","  0.5005082"," 0.30"," 0.54"," 0.19"," 1.53695415","-0.12071934"," 2.12880787"," -0.8509368"," -4.1019956"," -2.2","  3.85184598","-0.54840310"," -4.05170637","1.12"," 0.90937361"," 0.2918025133"," 0.11","-198.8681426"," -88.0449624"," -376.5106042","  0.7261027"
" 0.66"," 0.63","2017-03-01"," 0.33"," 0.08"," 0.54"," 1.05273965","-4.64658129","-3.40737154","  0.7321860","  0.9067358","  0.5","  0.67420751"," 0.19147670"," -0.88600307","0.87","-1.05856328","-1.0165151233"," 0.32","-151.8990813","  51.2085202"," -146.1960155","  5.8325614"," 0.38"," 0.64"," 0.31","-0.19782394"," 9.39723505","-2.98279608"," -0.2634947","-10.7514451"," -0.8","  6.43870372"," 1.48097576"," -4.05401258","1.09"," 2.54392446"," 0.1034487076"," 2.15","  80.7252888","1084.5949535","  -63.9218524","  0.5005082"
"-0.63"," 0.66","2017-04-01"," 0.25"," 0.01"," 0.15"," 1.20586526","-2.58996052","-2.21177945"," -3.6568003"," -2.5673941"," -0.4"," -2.41523371"," 1.34035795","  2.22996741","1.05"," 0.28758936","-0.0997370157"," 0.80","-163.9238517"," -95.6716440"," -558.9580318","-10.6263551"," 0.33"," 0.08"," 0.54"," 1.05273965","-4.64658129","-3.40737154","  0.7321860","  0.9067358","  0.5","  0.67420751"," 0.19147670"," -0.88600307","0.87","-1.05856328","-1.0165151233"," 0.32","-151.8990813","  51.2085202"," -146.1960155","  5.8325614"
" 0.55","-0.63","2017-05-01"," 0.14","-1.10"," 0.21"," 1.03263251","-0.97611716"," 0.05125905","  0.7000078"," 12.5164690","  0.1"," -6.64160616","-1.69215087","  0.94702948","0.79","-0.17864681"," 0.2405743945"," 0.27"," -52.9270595","-163.5491607","  122.6713754"," 22.9925335"," 0.25"," 0.01"," 0.15"," 1.20586526","-2.58996052","-2.21177945"," -3.6568003"," -2.5673941"," -0.4"," -2.41523371"," 1.34035795","  2.22996741","1.05"," 0.28758936","-0.0997370157"," 0.80","-163.9238517"," -95.6716440"," -558.9580318","-10.6263551"
" 0.09"," 0.55","2017-06-01"," 0.31","-0.93"," 0.24"," 0.84552756"," 1.02918402"," 2.49119436","  9.6624701"," -7.1428571","  0.6","  0.21821700"," 4.74906678","  1.41659891","0.93"," 0.34119241","-0.2601882247","-0.05","-216.8483456","-540.7547170","   -8.3548104","-15.4843046"," 0.14","-1.10"," 0.21"," 1.03263251","-0.97611716"," 0.05125905","  0.7000078"," 12.5164690","  0.1"," -6.64160616","-1.69215087","  0.94702948","0.79","-0.17864681"," 0.2405743945"," 0.27"," -52.9270595","-163.5491607","  122.6713754"," 22.9925335"
" 0.09"," 0.09","2017-07-01","-0.23","-0.67"," 0.16"," 1.22319232","-0.38284541","-0.18745314"," -5.7332019"," 13.6191677"," -0.4","  0.51314764","-3.01920412","  1.98883784","0.81"," 0.57383045","-0.1565656009"," 0.52","-338.1157234","-312.5733855","   19.3732810"," 13.2136467"," 0.31","-0.93"," 0.24"," 0.84552756"," 1.02918402"," 2.49119436","  9.6624701"," -7.1428571","  0.6","  0.21821700"," 4.74906678","  1.41659891","0.93"," 0.34119241","-0.2601882247","-0.05","-216.8483456","-540.7547170","   -8.3548104","-15.4843046"
"-0.02"," 0.09","2017-08-01"," 0.24","-0.72","-0.18"," 1.31228568"," 0.81235775","-1.35845749","  1.7035266"," -1.8867925","  0.4","  0.78046959","-2.94477901"," -5.36642883","0.80"," 1.45681094"," 0.4102238506"," 0.44"," -36.3869519","-116.6340621","  -30.1724138","  3.3372017","-0.23","-0.67"," 0.16"," 1.22319232","-0.38284541","-0.18745314"," -5.7332019"," 13.6191677"," -0.4","  0.51314764","-3.01920412","  1.98883784","0.81"," 0.57383045","-0.1565656009"," 0.52","-338.1157234","-312.5733855","   19.3732810"," 13.2136467"
"-0.56","-0.02","2017-09-01"," 0.19"," 0.10"," 0.35"," 1.27465143"," 1.41032653","-2.11969283"," -0.8154569","  4.1855204","  0.2","  0.67953238","-0.44696850","  0.52394492","0.80"," 0.87860042","-0.8138273964"," 1.24"," -17.4635006","1325.6658596","  -26.1706151"," -0.9767342"," 0.24","-0.72","-0.18"," 1.31228568"," 0.81235775","-1.35845749","  1.7035266"," -1.8867925","  0.4","  0.78046959","-2.94477901"," -5.36642883","0.80"," 1.45681094"," 0.4102238506"," 0.44"," -36.3869519","-116.6340621","  -30.1724138","  3.3372017"
" 0.50","-0.56","2017-10-01"," 0.16"," 0.47"," 0.11"," 1.01432364","-1.41202713"," 2.14614537","  2.6146211","  4.9945711","  0.7","  0.68667595","-1.69290091","  0.66423010","0.64"," 0.83274759","-0.0423482185"," 0.42"," -40.9522954"," -75.9341033","  -36.9137290"," 11.5633417"," 0.19"," 0.10"," 0.35"," 1.27465143"," 1.41032653","-2.11969283"," -0.8154569","  4.1855204","  0.2","  0.67953238","-0.44696850","  0.52394492","0.80"," 0.87860042","-0.8138273964"," 1.24"," -17.4635006","1325.6658596","  -26.1706151"," -0.9767342"
" 0.40"," 0.50","2017-11-01"," 0.42"," 0.20"," 0.34"," 0.56582783"," 1.58944154"," 3.16110194","  1.2343006"," -3.8262668","  1.1","  1.91540877"," 1.16863230","  3.43815116","0.64"," 1.01348254","-0.0041125856"," 0.65"," 123.1019317","  37.4936990","  -16.5247154"," -3.7665942"," 0.16"," 0.47"," 0.11"," 1.01432364","-1.41202713"," 2.14614537","  2.6146211","  4.9945711","  0.7","  0.68667595","-1.69290091","  0.66423010","0.64"," 0.83274759","-0.0423482185"," 0.42"," -40.9522954"," -75.9341033","  -36.9137290"," 11.5633417"
" 0.15"," 0.40","2017-12-01"," 0.28"," 0.52"," 0.32"," 0.27828401","-0.09141441"," 5.31011568"," -3.7789661","  2.2580645","  0.6","  0.79539221"," 2.96085825"," -0.46699020","0.57"," 0.07779891"," 0.1593855675","-0.21","-122.3786598","  70.6188591","   -0.6865643","  2.5616257"," 0.42"," 0.20"," 0.34"," 0.56582783"," 1.58944154"," 3.16110194","  1.2343006"," -3.8262668","  1.1","  1.91540877"," 1.16863230","  3.43815116","0.64"," 1.01348254","-0.0041125856"," 0.65"," 123.1019317","  37.4936990","  -16.5247154"," -3.7665942"
"-0.11"," 0.15","2018-01-01"," 0.44"," 0.89"," 0.35"," 0.63137389"," 0.94023678","-0.87642419","  0.9188588"," -4.7318612"," -0.7","  3.41454931"," 0.97748433","  1.42287642","0.54"," 1.09444139"," 0.3858208004"," 0.32","-119.1101358","  58.8250462"," -190.4560730"," -4.0757831"," 0.28"," 0.52"," 0.32"," 0.27828401","-0.09141441"," 5.31011568"," -3.7789661","  2.2580645","  0.6","  0.79539221"," 2.96085825"," -0.46699020","0.57"," 0.07779891"," 0.1593855675","-0.21","-122.3786598","  70.6188591","   -0.6865643","  2.5616257"
" 0.11","-0.11","2018-02-01"," 0.29"," 0.76"," 0.39"," 0.37152025","10.79017408"," 0.91364574"," -0.7195829","-10.5960265"," -2.6","  6.52233018"," 1.21832857"," -4.40224950","0.58"," 3.17369683"," 0.8088335072"," 0.51","3455.0122088"," -10.3201017"," -104.0335421"," -4.3301969"," 0.44"," 0.89"," 0.35"," 0.63137389"," 0.94023678","-0.87642419","  0.9188588"," -4.7318612"," -0.7","  3.41454931"," 0.97748433","  1.42287642","0.54"," 1.09444139"," 0.3858208004"," 0.32","-119.1101358","  58.8250462"," -190.4560730"," -4.0757831"
" 0.05"," 0.11","2018-03-01"," 0.32"," 0.07"," 0.38"," 0.68240513","-4.67303828"," 0.33878505","  0.5029214","  1.6049383","  1.9","  0.12982178","-0.58795327","  2.60927320","0.47","-0.30867618","-0.7826354944"," 0.06","-245.2290212"," 129.0740126","-3238.6842105"," 13.4655995"," 0.29"," 0.76"," 0.39"," 0.37152025","10.79017408"," 0.91364574"," -0.7195829","-10.5960265"," -2.6","  6.52233018"," 1.21832857"," -4.40224950","0.58"," 3.17369683"," 0.8088335072"," 0.51","3455.0122088"," -10.3201017"," -104.0335421"," -4.3301969"
"-0.33"," 0.05","2018-04-01"," 0.09"," 0.64"," 0.10"," 0.62266938","-1.98677574","-1.56595646"," -2.6933549"," -6.0753341"," -0.1"," -3.10386500"," 0.28683115","  2.43195759","0.53"," 0.29133846","-0.2162303220"," 0.15","-137.0973329"," -24.9637786","  -44.8813616","  0.4880557"," 0.32"," 0.07"," 0.38"," 0.68240513","-4.67303828"," 0.33878505","  0.5029214","  1.6049383","  1.9","  0.12982178","-0.58795327","  2.60927320","0.47","-0.30867618","-0.7826354944"," 0.06","-245.2290212"," 129.0740126","-3238.6842105"," 13.4655995"
"-0.07","-0.33","2018-05-01"," 0.22"," 0.57"," 0.21"," 0.55411112"," 0.20788541"," 3.98604294"," -1.6562051"," 11.5135834","  0.4"," -6.61700419","-0.71882356","  4.73338950","0.52"," 0.95853397"," 0.6529591011"," 0.26","  44.3433099"," -46.7798276"," -477.7608762"," -3.3959112"," 0.09"," 0.64"," 0.10"," 0.62266938","-1.98677574","-1.56595646"," -2.6933549"," -6.0753341"," -0.1"," -3.10386500"," 0.28683115","  2.43195759","0.53"," 0.29133846","-0.2162303220"," 0.15","-137.0973329"," -24.9637786","  -44.8813616","  0.4880557"
" 0.16","-0.07","2018-06-01"," 0.40"," 1.38"," 0.14"," 0.76113097"," 0.62671631"," 9.15088438","  8.9587819","  0.3480278","  0.4"," -0.13693498"," 1.89420013","  7.35239190","0.52"," 0.54024299"," 0.3074277094","-0.61","-111.5372099"," -19.7862726","  -32.0689377","  1.8890312"," 0.22"," 0.57"," 0.21"," 0.55411112"," 0.20788541"," 3.98604294"," -1.6562051"," 11.5135834","  0.4"," -6.61700419","-0.71882356","  4.73338950","0.52"," 0.95853397"," 0.6529591011"," 0.26","  44.3433099"," -46.7798276"," -477.7608762"," -3.3959112"
" 0.00"," 0.16","2018-07-01"," 1.26"," 1.87"," 1.11"," 0.88951407","-0.05857130"," 3.13151313"," -1.7503000"," -2.4277457"," -0.3","  0.04453218"," 1.59627702","  3.17953110","0.52"," 0.70985865"," 0.4411870360","-0.55","-383.5967323"," -34.4901316","   23.1298162"," -5.3041218"," 0.40"," 1.38"," 0.14"," 0.76113097"," 0.62671631"," 9.15088438","  8.9587819","  0.3480278","  0.4"," -0.13693498"," 1.89420013","  7.35239190","0.52"," 0.54024299"," 0.3074277094","-0.61","-111.5372099"," -19.7862726","  -32.0689377","  1.8890312"
" 0.08"," 0.00","2018-08-01"," 0.33"," 0.51"," 0.64"," 0.42032018"," 0.84195186","-0.44965392"," -4.8918900","  7.9383886"," -0.5","  0.32241479","-3.60291583"," -2.61724424","0.54"," 1.14037479"," 0.6815835165"," 0.04","  64.0456952","  43.4471504","  -28.4902754","  7.8550437"," 1.26"," 1.87"," 1.11"," 0.88951407","-0.05857130"," 3.13151313"," -1.7503000"," -2.4277457"," -0.3","  0.04453218"," 1.59627702","  3.17953110","0.52"," 0.70985865"," 0.4411870360","-0.55","-383.5967323"," -34.4901316","   23.1298162"," -5.3041218"
" 0.03"," 0.08","2018-09-01","-0.09"," 0.70"," 0.13"," 0.96489399"," 1.53192225"," 0.83231831","  3.5347432","  5.1591658","  0.9","  1.39478970","-3.45400199"," 10.13238154","0.57"," 0.87718530","-0.1400516496"," 0.59"," -74.7935691"," 263.1793122"," -140.9048068"," 28.2351729"," 0.33"," 0.51"," 0.64"," 0.42032018"," 0.84195186","-0.44965392"," -4.8918900","  7.9383886"," -0.5","  0.32241479","-3.60291583"," -2.61724424","0.54"," 1.14037479"," 0.6815835165"," 0.04","  64.0456952","  43.4471504","  -28.4902754","  7.8550437"
"-0.07"," 0.03","2018-10-01"," 0.48"," 1.52"," 0.09","-0.06170365"," 0.14670141"," 5.99456412","  2.9982492","  2.5052192","  1.7","  1.00345535"," 0.27255167"," -3.17798147","0.47"," 1.16646053"," 1.0163837565","-0.97"," 396.2448355"," -43.6115228","  223.3212640","  1.7189847","-0.09"," 0.70"," 0.13"," 0.96489399"," 1.53192225"," 0.83231831","  3.5347432","  5.1591658","  0.9","  1.39478970","-3.45400199"," 10.13238154","0.57"," 0.87718530","-0.1400516496"," 0.59"," -74.7935691"," 263.1793122"," -140.9048068"," 28.2351729"
" 0.02","-0.07","2018-11-01"," 0.45"," 0.89"," 0.58"," 0.78859072"," 2.50604526","-6.10665274","  1.6785891"," -7.6374745","  0.2","  1.74375548"," 1.85253602"," -7.14910199","0.54"," 1.46702139"," 0.4820762630"," 0.99","  45.8985337"," -53.2401769"," -168.5517943","-24.3341745"," 0.48"," 1.52"," 0.09","-0.06170365"," 0.14670141"," 5.99456412","  2.9982492","  2.5052192","  1.7","  1.00345535"," 0.27255167"," -3.17798147","0.47"," 1.16646053"," 1.0163837565","-0.97"," 396.2448355"," -43.6115228","  223.3212640","  1.7189847"
"-0.07"," 0.02","2018-12-01","-0.21","-0.49"," 0.19"," 0.31601615","-1.14352408","-2.43261012"," -5.3357481","  5.6229327"," -0.6","  0.28176916"," 1.25401596","  3.91703209","0.49"," 0.05765773","-0.1409996580"," 1.10","-131.6723244","  33.8359607","  -21.2519492"," 14.1647848"," 0.45"," 0.89"," 0.58"," 0.78859072"," 2.50604526","-6.10665274","  1.6785891"," -7.6374745","  0.2","  1.74375548"," 1.85253602"," -7.14910199","0.54"," 1.46702139"," 0.4820762630"," 0.99","  45.8985337"," -53.2401769"," -168.5517943","-24.3341745"
" 0.01","-0.07","2019-01-01"," 0.15","-1.08","-0.16"," 0.58919697"," 0.08680447"," 0.41986316","  3.0095659"," -6.5762004"," -1.6","  3.45807470"," 1.69396111","  0.29771921","0.49"," 0.47280863"," 1.1116804665","-0.23","-300.0734794","  32.5776716"," -113.3144743","  4.3493920","-0.21","-0.49"," 0.19"," 0.31601615","-1.14352408","-2.43261012"," -5.3357481","  5.6229327"," -0.6","  0.28176916"," 1.25401596","  3.91703209","0.49"," 0.05765773","-0.1409996580"," 1.10","-131.6723244","  33.8359607","  -21.2519492"," 14.1647848"
" 0.04"," 0.01","2019-02-01"," 0.32"," 0.01"," 0.30"," 0.41659107"," 9.18591450","-3.52036339"," -1.5572541","-12.8491620"," -3.0","  6.13691463"," 1.44934830"," -5.75344587","0.54"," 2.23478931"," 1.6352877489"," 0.57"," 163.6402676","  76.2515451","-1378.6827195","-22.8615727"," 0.15","-1.08","-0.16"," 0.58919697"," 0.08680447"," 0.41986316","  3.0095659"," -6.5762004"," -1.6","  3.45807470"," 1.69396111","  0.29771921","0.49"," 0.47280863"," 1.1116804665","-0.23","-300.0734794","  32.5776716"," -113.3144743","  4.3493920"
" 0.00"," 0.04","2019-03-01"," 0.43"," 0.88"," 0.34"," 0.53779762","-4.99752137"," 0.25145792"," -0.9941223","  3.4615385","  1.4"," -0.32700309","-1.35671412","  2.37175800","0.49","-1.03823296","-0.8579349101"," 0.33","-214.0140865","  36.5784168"," -261.2960399"," 27.8948864"," 0.32"," 0.01"," 0.30"," 0.41659107"," 9.18591450","-3.52036339"," -1.5572541","-12.8491620"," -3.0","  6.13691463"," 1.44934830"," -5.75344587","0.54"," 2.23478931"," 1.6352877489"," 0.57"," 163.6402676","  76.2515451","-1378.6827195","-22.8615727"
"-0.22"," 0.00","2019-04-01"," 0.75"," 1.26"," 0.54"," 0.50195679","-2.45193646"," 2.56697620"," -2.0448549"," -1.9826518"," -0.5"," -2.77295241"," 3.44723542","  4.23232296","0.47","-0.14580916"," 0.3190685472"," 0.00","-131.8371517"," -70.9650502","  -75.3828721","-21.9557298"," 0.43"," 0.88"," 0.34"," 0.53779762","-4.99752137"," 0.25145792"," -0.9941223","  3.4615385","  1.4"," -0.32700309","-1.35671412","  2.37175800","0.49","-1.03823296","-0.8579349101"," 0.33","-214.0140865","  36.5784168"," -261.2960399"," 27.8948864"
" 0.03","-0.22","2019-05-01"," 0.57"," 0.92"," 0.72"," 1.31556145"," 0.39623950"," 1.52973620","  0.2543958","  2.4020228"," -0.1"," -5.78723723"," 0.04861212","  1.24740125","0.52"," 0.62496389"," 0.7839248595","-0.08","  24.7706250","  29.9952102"," -164.8068071","  3.6872327"," 0.75"," 1.26"," 0.54"," 0.50195679","-2.45193646"," 2.56697620"," -2.0448549"," -1.9826518"," -0.5"," -2.77295241"," 3.44723542","  4.23232296","0.47","-0.14580916"," 0.3190685472"," 0.00","-131.8371517"," -70.9650502","  -75.3828721","-21.9557298"
"-0.03"," 0.03","2019-06-01"," 0.13"," 0.45"," 0.35"," 0.71028792"," 0.56059018","-1.97816840","  3.8361072","  2.8395062","  1.3","  0.86934875","-0.54419124"," -0.11661216","0.54"," 0.01730149","-0.0088000572"," 0.01","-135.6272183"," -19.3243013","   59.1691778","  5.1317243"," 0.57"," 0.92"," 0.72"," 1.31556145"," 0.39623950"," 1.52973620","  0.2543958","  2.4020228"," -0.1"," -5.78723723"," 0.04861212","  1.24740125","0.52"," 0.62496389"," 0.7839248595","-0.08","  24.7706250","  29.9952102"," -164.8068071","  3.6872327"
"-0.02","-0.03","2019-07-01"," 0.01"," 0.80"," 0.06","-0.01218789","-1.56957553","-4.91974695","  0.4815640","  9.2436975"," -0.3","  0.65256199","-3.42957643"," -2.75373721","0.47"," 0.29724010"," 0.5682036952"," 0.18","-295.9896521","  18.0016863","  -18.1879648","  9.6691232"," 0.13"," 0.45"," 0.35"," 0.71028792"," 0.56059018","-1.97816840","  3.8361072","  2.8395062","  1.3","  0.86934875","-0.54419124"," -0.11661216","0.54"," 0.01730149","-0.0088000572"," 0.01","-135.6272183"," -19.3243013","   59.1691778","  5.1317243"
" 0.57","-0.02","2019-08-01"," 0.19"," 0.40"," 0.09"," 0.47985497"," 0.66959161","-0.75332673"," -0.1859800"," -5.7142857","  0.4"," -0.55682655"," 2.27905094"," -1.75644639","0.57"," 0.67651839"," 0.3151614154"," 0.57","  -2.3198819"," -18.2624747","  -81.1570248","-11.7705878"," 0.01"," 0.80"," 0.06","-0.01218789","-1.56957553","-4.91974695","  0.4815640","  9.2436975"," -0.3","  0.65256199","-3.42957643"," -2.75373721","0.47"," 0.29724010"," 0.5682036952"," 0.18","-295.9896521","  18.0016863","  -18.1879648","  9.6691232"
" 0.09"," 0.57","2019-09-01"," 0.11","-0.67"," 0.08"," 0.63940824"," 0.79626621"," 0.27702366"," -3.0815537","  8.8578089","  1.0","  1.74051603","-5.49523927","  9.92482002","0.50"," 0.17960831","-0.1796519278"," 0.45"," -78.2549019"," 323.8508050","-2842.0175439"," 33.8392833"," 0.19"," 0.40"," 0.09"," 0.47985497"," 0.66959161","-0.75332673"," -0.1859800"," -5.7142857","  0.4"," -0.55682655"," 2.27905094"," -1.75644639","0.57"," 0.67651839"," 0.3151614154"," 0.57","  -2.3198819"," -18.2624747","  -81.1570248","-11.7705878"
"-0.01"," 0.09","2019-10-01","-0.04","-0.01"," 0.09"," 0.86831138","-0.58779776"," 5.22680811","  5.9375924","  2.9978587","  0.6","  0.81061995"," 0.13607934","  0.62592136","0.46"," 0.53944978"," 1.1158101784","-0.95"," 386.7081919"," -47.0686810","  -68.4954733"," -7.1779957"," 0.11","-0.67"," 0.08"," 0.63940824"," 0.79626621"," 0.27702366"," -3.0815537","  8.8578089","  1.0","  1.74051603","-5.49523927","  9.92482002","0.50"," 0.17960831","-0.1796519278"," 0.45"," -78.2549019"," 323.8508050","-2842.0175439"," 33.8392833"
"-0.01","-0.01","2019-11-01"," 0.10"," 0.68"," 0.09","-0.63456596"," 2.34573754"," 2.20530323"," -0.8305996"," -4.5738046","  1.0","  2.74659359"," 0.90944728"," -3.84984870","0.48"," 1.42584914"," 1.0723768870"," 0.33","  52.7455726"," -39.3291445","  -71.2530463"," -1.4645113","-0.04","-0.01"," 0.09"," 0.86831138","-0.58779776"," 5.22680811","  5.9375924","  2.9978587","  0.6","  0.81061995"," 0.13607934","  0.62592136","0.46"," 0.53944978"," 1.1158101784","-0.95"," 386.7081919"," -47.0686810","  -68.4954733"," -7.1779957"
"-0.02","-0.01","2019-12-01"," 0.51"," 0.30"," 0.14","-0.22265399"," 0.66682486"," 4.94220396"," -2.5548986","  5.6644880"," -0.2","  0.02186996"," 1.47618678","  5.49269389","0.38"," 0.31845063"," 0.3419579460"," 0.46","-145.9787378"," 147.7160213","  979.6891558","  4.9636283"," 0.10"," 0.68"," 0.09","-0.63456596"," 2.34573754"," 2.20530323"," -0.8305996"," -4.5738046","  1.0","  2.74659359"," 0.90944728"," -3.84984870","0.48"," 1.42584914"," 1.0723768870"," 0.33","  52.7455726"," -39.3291445","  -71.2530463"," -1.4645113"
" 0.66","-0.02","2020-01-01"," 1.15"," 2.09"," 1.05"," 0.55074309"," 1.51632722"," 0.62172615","  3.3441676"," -9.2783505"," -1.3","  2.89764009"," 4.53257790"," -4.57688119","0.37"," 0.62061034"," 1.2649893844","-0.31","-262.1335507"," -54.5290540","  -83.9036838","-16.1860060"," 0.51"," 0.30"," 0.14","-0.22265399"," 0.66682486"," 4.94220396"," -2.5548986","  5.6644880"," -0.2","  0.02186996"," 1.47618678","  5.49269389","0.38"," 0.31845063"," 0.3419579460"," 0.46","-145.9787378"," 147.7160213","  979.6891558","  4.9636283"
" 0.12"," 0.66","2020-02-01"," 0.21"," 0.48"," 0.71","-1.07032062","10.63354630"," 0.98277708"," -2.8096170","-12.6136364"," -2.0","  7.64516010"," 1.80912620","  5.92541128","0.38"," 2.39098926"," 1.6039564903"," 0.94"," -11.7538919","  30.4404637"," -243.4959350","-10.6566106"," 1.15"," 2.09"," 1.05"," 0.55074309"," 1.51632722"," 0.62172615","  3.3441676"," -9.2783505"," -1.3","  2.89764009"," 4.53257790"," -4.57688119","0.37"," 0.62061034"," 1.2649893844","-0.31","-262.1335507"," -54.5290540","  -83.9036838","-16.1860060"
" 0.21"," 0.12","2020-03-01"," 0.25","-0.04"," 0.22"," 0.72895760","-5.75980483","-0.45288109"," -1.0427154","  4.0312094","  1.6","  0.32367595","-2.54676259","  5.36906463","0.29","-1.15878663","-0.2967689315","-1.46","-516.4677543","  98.8853474"," -928.1019830"," 27.4178621"," 0.21"," 0.48"," 0.71","-1.07032062","10.63354630"," 0.98277708"," -2.8096170","-12.6136364"," -2.0","  7.64516010"," 1.80912620","  5.92541128","0.38"," 2.39098926"," 1.6039564903"," 0.94"," -11.7538919","  30.4404637"," -243.4959350","-10.6566106"
" 0.04"," 0.21","2020-04-01"," 0.07"," 1.24"," 0.02"," 0.45137694"," 0.11711548","-4.30742426"," -2.5143522"," -1.3750000"," -1.4"," -2.88561648"," 1.24514002"," 15.56212623","0.34","-0.15668592"," 0.5520946280","-0.59","-137.1402785"," -54.9964285","  -70.7050493","-18.0183898"," 0.25","-0.04"," 0.22"," 0.72895760","-5.75980483","-0.45288109"," -1.0427154","  4.0312094","  1.6","  0.32367595","-2.54676259","  5.36906463","0.29","-1.15878663","-0.2967689315","-1.46","-516.4677543","  98.8853474"," -928.1019830"," 27.4178621"
"-0.20"," 0.04","2020-05-01","-0.31"," 0.80","-0.01","-0.24642640"," 1.82817197"," 1.56281610","  0.3578084"," -1.2674271","-17.7","-10.18270647","-1.08642815","  4.39198938","0.28"," 1.74406974"," 2.8422200401","-1.85","  13.1779341"," -32.6251959"," -110.3754306","  9.4935095"," 0.07"," 1.24"," 0.02"," 0.45137694"," 0.11711548","-4.30742426"," -2.5143522"," -1.3750000"," -1.4"," -2.88561648"," 1.24514002"," 15.56212623","0.34","-0.15668592"," 0.5520946280","-0.59","-137.1402785"," -54.9964285","  -70.7050493","-18.0183898"
" 0.24","-0.20","2020-06-01","-0.38"," 0.28","-0.59"," 1.56539350"," 7.79166284","12.30516409","  1.2404368","-22.5930680","  3.4"," -3.71571592"," 0.61183871"," -0.01289990","0.24"," 3.85047331"," 0.0001394694"," 1.02"," 298.6526075","-175.1283600"," 1934.6088914","-21.6545087","-0.31"," 0.80","-0.01","-0.24642640"," 1.82817197"," 1.56281610","  0.3578084"," -1.2674271","-17.7","-10.18270647","-1.08642815","  4.39198938","0.28"," 1.74406974"," 2.8422200401","-1.85","  13.1779341"," -32.6251959"," -110.3754306","  9.4935095"
" 0.75"," 0.24","2020-07-01"," 0.26"," 1.56"," 0.02"," 2.72275184"," 7.85702374","-4.85544519","-12.9567131"," 18.0762852","  6.2"," -1.14968418","-9.35378303","  0.91601084","0.21"," 4.44503188"," 0.3430385326"," 2.22","  39.3791154"," -72.4623116","  -59.0347117"," 12.8907320","-0.38"," 0.28","-0.59"," 1.56539350"," 7.79166284","12.30516409","  1.2404368","-22.5930680","  3.4"," -3.71571592"," 0.61183871"," -0.01289990","0.24"," 3.85047331"," 0.0001394694"," 1.02"," 298.6526075","-175.1283600"," 1934.6088914","-21.6545087"
" 0.51"," 0.75","2020-08-01"," 0.36"," 2.23"," 0.30"," 3.69230419"," 6.26515134"," 7.08393531","  0.9524612"," 10.1123596","  5.7","  2.24824556","-2.86938248"," -4.98045805","0.19"," 2.43836724"," 0.7379386532"," 2.63","  43.5516547"," 355.2992701","  226.5815948","-18.7635154"," 0.26"," 1.56"," 0.02"," 2.72275184"," 7.85702374","-4.85544519","-12.9567131"," 18.0762852","  6.2"," -1.14968418","-9.35378303","  0.91601084","0.21"," 4.44503188"," 0.3430385326"," 2.22","  39.3791154"," -72.4623116","  -59.0347117"," 12.8907320"
" 0.67"," 0.51","2020-09-01"," 0.24"," 2.74"," 0.23"," 1.86086177"," 3.60838674"," 9.38764852","  5.3435752"," 16.0714286","  3.7","  0.91380898","-1.16779008","  5.15117151","0.16"," 3.17594596"," 1.2995796752"," 2.01"," -57.0329493","-116.3556496","   -6.7686583"," 10.9199031"," 0.36"," 2.23"," 0.30"," 3.69230419"," 6.26515134"," 7.08393531","  0.9524612"," 10.1123596","  5.7","  2.24824556","-2.86938248"," -4.98045805","0.19"," 2.43836724"," 0.7379386532"," 2.63","  43.5516547"," 355.2992701","  226.5815948","-18.7635154"
" 0.15"," 0.67","2020-10-01"," 0.64"," 4.34"," 0.45"," 2.04700078"," 2.44804084"," 0.53712103","  7.9733693","  3.1868132","  3.8"," -0.55033102"," 5.85181027","  3.09649588","0.16"," 1.34278223"," 1.9190353256"," 0.66","   8.0457619","-316.6437953","  -22.5297144"," -3.0629120"," 0.24"," 2.74"," 0.23"," 1.86086177"," 3.60838674"," 9.38764852","  5.3435752"," 16.0714286","  3.7","  0.91380898","-1.16779008","  5.15117151","0.16"," 3.17594596"," 1.2995796752"," 2.01"," -57.0329493","-116.3556496","   -6.7686583"," 10.9199031"
" 0.21"," 0.15","2020-11-01"," 0.86"," 3.23"," 0.94"," 1.93363132"," 3.60471084"," 5.54038545"," -0.1614916","  1.5974441","  2.4"," -2.18882958"," 3.73061116","  2.32442687","0.16"," 1.50130825"," 2.0776414001"," 0.75"," -26.2976483","-114.5054746","  -25.0801466"," 10.4653839"," 0.64"," 4.34"," 0.45"," 2.04700078"," 2.44804084"," 0.53712103","  7.9733693","  3.1868132","  3.8"," -0.55033102"," 5.85181027","  3.09649588","0.16"," 1.34278223"," 1.9190353256"," 0.66","   8.0457619","-316.6437953","  -22.5297144"," -3.0629120"
" 0.29"," 0.21","2020-12-01"," 0.89"," 3.28"," 0.81"," 0.75594732"," 2.42301898"," 0.11623983","  1.0513933","  1.9916143","  0.1","  1.02067669"," 2.82449773"," -7.62579706","0.15"," 0.86088004"," 1.5089788562","-0.05","-104.5733813"," 618.4653774","  -23.2711851","  1.4409470"," 0.86"," 3.23"," 0.94"," 1.93363132"," 3.60471084"," 5.54038545"," -0.1614916","  1.5974441","  2.4"," -2.18882958"," 3.73061116","  2.32442687","0.16"," 1.50130825"," 2.0776414001"," 0.75"," -26.2976483","-114.5054746","  -25.0801466"," 10.4653839"
" 0.39"," 0.29","2021-01-01"," 1.35"," 0.96"," 1.06"," 0.14615341"," 0.79888939","-1.35580524","  1.9281141"," -7.2970195"," -1.6","  2.24614900"," 5.46647774"," -2.53231040","0.16"," 0.30009189"," 2.0441506832"," 1.56","-714.3860647"," 113.8577755"," -104.3718568"," 12.1505452"," 0.89"," 3.28"," 0.81"," 0.75594732"," 2.42301898"," 0.11623983","  1.0513933","  1.9916143","  0.1","  1.02067669"," 2.82449773"," -7.62579706","0.15"," 0.86088004"," 1.5089788562","-0.05","-104.5733813"," 618.4653774","  -23.2711851","  1.4409470"
" 0.02"," 0.39","2021-02-01"," 0.25"," 2.58"," 0.78"," 1.01260155"," 6.11091527","10.55509150"," -1.1635377"," -7.6496674"," -2.1","  6.98970591","-3.39414510","  5.37326071","0.15"," 2.23608364"," 1.6412471537"," 0.94"," 185.7649005"," 243.4023549"," 4074.1457859"," 29.6819654"," 1.35"," 0.96"," 1.06"," 0.14615341"," 0.79888939","-1.35580524","  1.9281141"," -7.2970195"," -1.6","  2.24614900"," 5.46647774"," -2.53231040","0.16"," 0.30009189"," 2.0441506832"," 1.56","-714.3860647"," 113.8577755"," -104.3718568"," 12.1505452"
"-0.13"," 0.02","2021-03-01"," 0.86"," 2.53"," 0.48"," 0.78783149","-4.44266853"," 7.03001580","  0.8522317"," -1.6806723","  0.4","  0.35964587"," 2.19099205","  0.99172648","0.13","-1.66888879","-0.0979372008","-1.56","-212.6114233","  -1.4175928","   -1.5170946","-13.7378341"," 0.25"," 2.58"," 0.78"," 1.01260155"," 6.11091527","10.55509150"," -1.1635377"," -7.6496674"," -2.1","  6.98970591","-3.39414510","  5.37326071","0.15"," 2.23608364"," 1.6412471537"," 0.94"," 185.7649005"," 243.4023549"," 4074.1457859"," 29.6819654"
"-0.07","-0.13","2021-04-01"," 0.93"," 2.94"," 0.93"," 0.39491893","-1.88702771"," 5.31686186"," -5.5070180"," -3.4188034"," -1.3"," -0.08491484"," 1.54474262","  3.02191840","0.20","-0.35122181"," 0.6595708346","-0.04","-120.1624953"," -52.3824372","  -50.8824426"," -4.8602214"," 0.86"," 2.53"," 0.48"," 0.78783149","-4.44266853"," 7.03001580","  0.8522317"," -1.6806723","  0.4","  0.35964587"," 2.19099205","  0.99172648","0.13","-1.66888879","-0.0979372008","-1.56","-212.6114233","  -1.4175928","   -1.5170946","-13.7378341"
" 0.08","-0.07","2021-05-01"," 0.31"," 1.51"," 0.60","-0.54858662","-0.36117133"," 1.21260130","  1.9931792","  8.8495575"," -1.6"," -5.06622590","-3.00251581"," -5.15561641","0.21","-0.17408273"," 1.5327311654","-0.81","-142.3216917","  30.6568608","  -10.8585289"," 48.7565406"," 0.93"," 2.94"," 0.93"," 0.39491893","-1.88702771"," 5.31686186"," -5.5070180"," -3.4188034"," -1.3"," -0.08491484"," 1.54474262","  3.02191840","0.20","-0.35122181"," 0.6595708346","-0.04","-120.1624953"," -52.3824372","  -50.8824426"," -4.8602214"
" 0.21"," 0.08","2021-06-01"," 0.83"," 4.10"," 0.44","-0.07124556"," 0.63188436"," 1.10475617","  7.3339278"," -5.5749129","  1.7","  1.07220096"," 5.24070393"," -3.17231168","0.27"," 0.56015888"," 0.5359669534","-0.78"," 386.9424252","-183.4027296"," -575.8083908","-30.5128277"," 0.31"," 1.51"," 0.60","-0.54858662","-0.36117133"," 1.21260130","  1.9931792","  8.8495575"," -1.6"," -5.06622590","-3.00251581"," -5.15561641","0.21","-0.17408273"," 1.5327311654","-0.81","-142.3216917","  30.6568608","  -10.8585289"," 48.7565406"
"-0.12"," 0.21","2021-07-01"," 0.53"," 0.60"," 0.83"," 0.42538994","-0.07272637","-3.55196951"," -3.7037037","  8.7330873","  1.5","  0.79583457","-2.26644555"," -4.39636058","0.31"," 0.21874864"," 1.1740574941","-0.13","-164.0739826"," -42.6062035","  -23.8429620","  9.2219219"," 0.83"," 4.10"," 0.44","-0.07124556"," 0.63188436"," 1.10475617","  7.3339278"," -5.5749129","  1.7","  1.07220096"," 5.24070393"," -3.17231168","0.27"," 0.56015888"," 0.5359669534","-0.78"," 386.9424252","-183.4027296"," -575.8083908","-30.5128277"
" 0.12","-0.12","2021-08-01"," 0.96"," 0.78"," 0.72"," 1.03568227"," 2.17129722"," 5.17071063"," -1.0208483"," -0.5656109","  0.7","  4.68066661","-4.90431750","  2.38723608","0.36"," 0.97309831"," 0.9506123172"," 0.97"," 321.5064647"," -18.6573776","    1.7864627"," 14.6097055"," 0.53"," 0.60"," 0.83"," 0.42538994","-0.07272637","-3.55196951"," -3.7037037","  8.7330873","  1.5","  0.79583457","-2.26644555"," -4.39636058","0.31"," 0.21874864"," 1.1740574941","-0.13","-164.0739826"," -42.6062035","  -23.8429620","  9.2219219"
" 0.23"," 0.12","2021-09-01"," 0.87"," 0.66"," 0.89"," 1.03537163"," 5.55736831"," 3.39898441","  0.2687391","  4.8919226","  0.4","  3.21155578","-0.42625957","  0.42374536","0.43"," 0.91924399"," 1.3000644980","-0.66"," -84.3024884","-157.7998911","  -15.3070153","-10.6575641"," 0.96"," 0.78"," 0.72"," 1.03568227"," 2.17129722"," 5.17071063"," -1.0208483"," -0.5656109","  0.7","  4.68066661","-4.90431750","  2.38723608","0.36"," 0.97309831"," 0.9506123172"," 0.97"," 321.5064647"," -18.6573776","    1.7864627"," 14.6097055"
" 0.07"," 0.23","2021-10-01"," 1.16","-0.64"," 1.14"," 0.44358930","-0.62514374"," 2.32775996","  3.8029699","  1.3015184","  1.4"," -0.51611417","-0.59234924","  5.75767593","0.44","-0.26060999"," 1.5966259238","-0.53","-262.6798818","-127.7173448","  -16.8702522"," 11.5768514"," 0.87"," 0.66"," 0.89"," 1.03537163"," 5.55736831"," 3.39898441","  0.2687391","  4.8919226","  0.4","  3.21155578","-0.42625957","  0.42374536","0.43"," 0.91924399"," 1.3000644980","-0.66"," -84.3024884","-157.7998911","  -15.3070153","-10.6575641"
" 0.54"," 0.07","2021-11-01"," 1.25"," 0.64"," 1.20"," 0.90287551","-1.57579714","11.28526646"," -0.7885555"," -2.0342612","  1.9"," -3.11074004"," 1.72254075","  3.74347282","0.49","-0.44257119"," 2.3822749414","-0.95"," -22.6864771","-694.0358467","  -70.7946487","  1.3779654"," 1.16","-0.64"," 1.14"," 0.44358930","-0.62514374"," 2.32775996","  3.8029699","  1.3015184","  1.4"," -0.51611417","-0.59234924","  5.75767593","0.44","-0.26060999"," 1.5966259238","-0.53","-262.6798818","-127.7173448","  -16.8702522"," 11.5768514"
" 0.09"," 0.54","2021-12-01"," 0.95"," 0.02"," 1.17"," 0.65494271","-1.75885946","-0.33403964"," -2.3281986"," -1.9672131"," -0.4"," -1.66400127"," 3.33751754"," -0.40940026","0.59","-0.38466688"," 1.5752420540","-0.91"," 173.7034995"," 127.2434063"," -106.3913225"," -2.5451642"," 1.25"," 0.64"," 1.20"," 0.90287551","-1.57579714","11.28526646"," -0.7885555"," -2.0342612","  1.9"," -3.11074004"," 1.72254075","  3.74347282","0.49","-0.44257119"," 2.3822749414","-0.95"," -22.6864771","-694.0358467","  -70.7946487","  1.3779654"
" 0.34"," 0.09","2022-01-01"," 0.73"," 0.87"," 0.78"," 0.13906080","-0.77299726","-0.71283860"," -0.5689183"," -3.9018952"," -2.2","  4.64773013"," 1.51720853"," -0.70115495","0.77","-0.82359319"," 1.8453859036","-0.10"," -57.5300796","  46.9335897"," 5057.9634465","  7.3875275"," 0.95"," 0.02"," 1.17"," 0.65494271","-1.75885946","-0.33403964"," -2.3281986"," -1.9672131"," -0.4"," -1.66400127"," 3.33751754"," -0.40940026","0.59","-0.38466688"," 1.5752420540","-0.91"," 173.7034995"," 127.2434063"," -106.3913225"," -2.5451642"
